,Timestamp,idx,gaze_x,gaze_y,gaze_z,REyePos_x,REyePos_y,LEyePos_x,LEyePos_y,yaw,pitch,roll,HeadBox_xmin,HeadBox_ymin,RightEyeBox_xmin,RightEyeBox_ymin,LeftEyeBox_xmin,LeftEyeBox_ymin,ROpenClose,LOpenClose,set_x,set_y,set_z,WTransG,WTransG,WTransG,WTransG,WTransG,WTransG,WTransG,WTransG,WTransG,WTransG,WTransG,WTransG,WTransG,WTransG,WTransG,WTransG
0,1734107763.9277194,0.0,0.020149879157543182,-0.2881130576133728,0.9573844075202942,87.0,186.0,260.0,172.0,-0.4660325050354004,29.59638786315918,-0.3187577724456787,540.0,251.0,36.0,135.0,209.0,121.0,1.0,1.0,28.0,18.0,0.0,0.0,0.0,0.0,0.0,0.0,0.0,0.0,0.0,0.0,0.0,0.0,0.0,0.0,0.0,0.0,0.0
1,1734107764.0457206,0.0,0.01659928634762764,-0.2642519772052765,0.9643107652664185,84.0,186.0,260.0,173.0,-4.367116928100586,24.08555793762207,-0.9241304397583008,540.0,246.0,34.0,136.0,210.0,123.0,1.0,1.0,28.0,18.0,0.0,1.0,0.0,0.0,0.08961235521097403,0.0,-1.0,0.0,0.06725595875842652,0.0,0.0,-1.0,0.9925789963431457,0.0,0.0,0.0,1.0
2,1734107764.149722,0.0,-0.015702351927757263,-0.23505493998527527,0.9718552827835083,87.0,189.0,262.0,176.0,-7.095669269561768,20.988216400146484,0.5782101154327393,535.0,240.0,36.0,138.0,211.0,125.0,1.0,1.0,28.0,18.0,0.0,1.0,0.0,0.0,0.09195340560538015,0.0,-1.0,0.0,0.06624821701924197,0.0,0.0,-1.0,0.9924250257761877,0.0,0.0,0.0,1.0
3,1734107764.2777221,0.0,-0.09099285304546356,-0.1973751336336136,0.9760960340499878,75.0,196.0,249.0,187.0,-4.456697940826416,28.715391159057617,-2.3146111965179443,540.0,232.0,25.0,146.0,199.0,137.0,1.0,1.0,28.0,18.0,0.0,1.0,0.0,0.0,0.09037665265632015,0.0,-1.0,0.0,0.06101215293744765,0.0,0.0,-1.0,0.9928506593668747,0.0,0.0,0.0,1.0
4,1734107764.3917193,0.0,-0.015702351927757263,-0.23505493998527527,0.9718552827835083,74.0,200.0,250.0,190.0,-6.408078193664551,31.805723190307617,-2.215269088745117,535.0,232.0,24.0,150.0,200.0,140.0,1.0,1.0,28.0,18.0,0.0,1.0,0.0,0.0,0.08033856178687258,0.0,-1.0,0.0,0.05977918655841168,0.0,0.0,-1.0,0.9939536632525894,0.0,0.0,0.0,1.0
5,1734107764.497758,0.0,-0.032536622136831284,-0.1973751336336136,0.9760960340499878,75.0,199.0,252.0,187.0,-6.863554954528809,32.358673095703125,-2.667809009552002,533.0,232.0,25.0,149.0,202.0,137.0,1.0,1.0,28.0,18.0,0.0,1.0,0.0,0.0,0.0769446107401818,0.0,-1.0,0.0,0.07016056425636716,0.0,0.0,-1.0,0.99353461698332,0.0,0.0,0.0,1.0
6,1734107764.6087575,0.0,-0.032536622136831284,-0.19726820290088654,0.9763966798782349,81.0,195.0,253.0,184.0,-4.093198776245117,26.3557186126709,-3.0190560817718506,535.0,230.0,31.0,145.0,203.0,134.0,1.0,1.0,28.0,18.0,0.0,1.0,0.0,0.0,0.07530902733093046,0.0,-1.0,0.0,0.06847012953952503,0.0,0.0,-1.0,0.993731824904504,0.0,0.0,0.0,1.0
7,1734107764.7197547,0.0,-0.032536622136831284,-0.14325769245624542,0.9884162545204163,88.0,189.0,260.0,176.0,-4.533607482910156,16.44644546508789,-4.416748523712158,540.0,228.0,37.0,138.0,209.0,125.0,1.0,1.0,28.0,18.0,0.0,1.0,0.0,0.0,0.08239772563158992,0.0,-1.0,0.0,0.054667741478850625,0.0,0.0,-1.0,0.9940831897782103,0.0,0.0,0.0,1.0
8,1734107764.8227558,0.0,0.005112697836011648,-0.1394702047109604,0.9884162545204163,91.0,189.0,259.0,175.0,-3.4042999744415283,12.551980972290039,-4.16700553894043,540.0,232.0,40.0,138.0,208.0,124.0,1.0,1.0,28.0,18.0,0.0,1.0,0.0,0.0,0.09239926751325005,0.0,-1.0,0.0,0.04753539123477714,0.0,0.0,-1.0,0.9934517837469404,0.0,0.0,0.0,1.0
9,1734107764.9267533,0.0,0.10908909887075424,-0.10074405372142792,0.9891504645347595,89.0,186.0,255.0,171.0,-3.3206255435943604,11.359149932861328,-5.201119422912598,540.0,235.0,39.0,136.0,205.0,121.0,1.0,1.0,28.0,18.0,0.0,1.0,0.0,0.0,0.09491965131379153,0.0,-1.0,0.0,0.04892677574958686,0.0,0.0,-1.0,0.9931850856372486,0.0,0.0,0.0,1.0
10,1734107765.0297596,0.0,0.11350762844085693,-0.10074405372142792,0.9884162545204163,91.0,190.0,256.0,174.0,-3.72377610206604,13.289800643920898,-6.344378471374512,532.0,231.0,41.0,140.0,206.0,124.0,1.0,1.0,28.0,18.0,0.0,1.0,0.0,0.0,0.09401544307651755,0.0,-1.0,0.0,0.04928809851963835,0.0,0.0,-1.0,0.9932913568640206,0.0,0.0,0.0,1.0
11,1734107765.1297555,0.0,0.1199192926287651,-0.09462659806013107,0.9874784350395203,95.0,183.0,259.0,165.0,-0.24015092849731445,9.089554786682129,-5.32576847076416,525.0,232.0,44.0,132.0,208.0,114.0,1.0,1.0,28.0,18.0,0.0,1.0,0.0,0.0,0.08750805367630385,0.0,-1.0,0.0,0.0454837903901962,0.0,0.0,-1.0,0.9940150858116756,0.0,0.0,0.0,1.0
12,1734107765.2357838,0.0,0.12819671630859375,-0.06898881494998932,0.9872240424156189,95.0,184.0,256.0,167.0,-0.29422855377197266,10.825664520263672,-5.370797157287598,529.0,224.0,45.0,134.0,206.0,117.0,1.0,1.0,28.0,18.0,0.0,1.0,0.0,0.0,0.08526169903299936,0.0,-1.0,0.0,0.04277687306631468,0.0,0.0,-1.0,0.9942718751819821,0.0,0.0,0.0,1.0
13,1734107765.3427553,0.0,0.14395906031131744,-0.06850667297840118,0.9871563911437988,100.0,180.0,259.0,164.0,0.6874537467956543,6.102643966674805,-5.118516445159912,532.0,223.0,49.0,129.0,208.0,113.0,1.0,1.0,28.0,18.0,0.0,1.0,0.0,0.0,0.08206839841282633,0.0,-1.0,0.0,0.03617782351375202,0.0,0.0,-1.0,0.9948023266818931,0.0,0.0,0.0,1.0
14,1734107765.4467578,0.0,0.15239061415195465,-0.06850667297840118,0.9864428639411926,103.0,183.0,260.0,167.0,0.026179790496826172,9.317251205444336,-5.114295959472656,534.0,221.0,52.0,132.0,209.0,116.0,1.0,1.0,28.0,18.0,0.0,1.0,0.0,0.0,0.08918370861794944,0.0,-1.0,0.0,0.03330330080515813,0.0,0.0,-1.0,0.9943149344011768,0.0,0.0,0.0,1.0
15,1734107765.5547955,0.0,0.24788086116313934,-0.06850667297840118,0.964212954044342,111.0,177.0,266.0,162.0,2.0397090911865234,3.1287155151367188,-4.137735843658447,535.0,224.0,59.0,125.0,214.0,110.0,1.0,1.0,28.0,18.0,0.0,1.0,0.0,0.0,0.09553044830175547,0.0,-1.0,0.0,0.03333795197642361,0.0,0.0,-1.0,0.9936748791752914,0.0,0.0,0.0,1.0
16,1734107765.6577964,0.0,0.26139208674430847,-0.08235934376716614,0.962798535823822,109.0,176.0,266.0,162.0,2.3147764205932617,4.729028701782227,-3.8177719116210938,539.0,223.0,57.0,124.0,214.0,110.0,1.0,1.0,28.0,18.0,0.0,1.0,0.0,0.0,0.10144622186267543,0.0,-1.0,0.0,0.03278776564308858,0.0,0.0,-1.0,0.9930986522931212,0.0,0.0,0.0,1.0
17,1734107765.7667956,0.0,0.2637742757797241,-0.08244051784276962,0.961061954498291,102.0,181.0,258.0,164.0,1.9143548011779785,4.3254241943359375,-4.055991172790527,545.0,218.0,52.0,131.0,208.0,114.0,1.0,1.0,28.0,18.0,0.0,1.0,0.0,0.0,0.10795999425231119,0.0,-1.0,0.0,0.03039466385543818,0.0,0.0,-1.0,0.9924882529740786,0.0,0.0,0.0,1.0
18,1734107765.8758411,1.0,0.27574244141578674,-0.08244051784276962,0.9579044580459595,101.0,177.0,260.0,162.0,0.7990188598632812,0.44173336029052734,-4.596310138702393,540.0,217.0,49.0,125.0,208.0,110.0,1.0,1.0,256.0,18.0,0.0,1.0,0.0,0.0,0.10929758787938688,0.0,-1.0,0.0,0.025577355273328446,0.0,0.0,-1.0,0.9925797350341057,0.0,0.0,0.0,1.0
19,1734107765.9847138,1.0,0.2637742757797241,-0.08244051784276962,0.961061954498291,98.0,175.0,253.0,161.0,0.16866111755371094,-2.3608744144439697,-4.498103618621826,539.0,215.0,47.0,124.0,202.0,110.0,1.0,1.0,256.0,18.0,0.0,1.0,0.0,0.0,0.1009711454835954,0.0,-1.0,0.0,0.023975008601712318,0.0,0.0,-1.0,0.9933686343957471,0.0,0.0,0.0,1.0
20,1734107766.085417,1.0,0.2637742757797241,-0.08244051784276962,0.961061954498291,97.0,178.0,253.0,162.0,-0.5397710800170898,0.12496566772460938,-4.7786970138549805,537.0,216.0,45.0,126.0,201.0,110.0,1.0,1.0,256.0,18.0,0.0,1.0,0.0,0.0,0.09628047613914581,0.0,-1.0,0.0,0.0190455164265201,0.0,0.0,-1.0,0.993959100087151,0.0,0.0,0.0,1.0
21,1734107766.1894202,1.0,0.028084466233849525,-0.08244051784276962,0.993114709854126,95.0,175.0,252.0,161.0,-0.7836833000183105,0.28142452239990234,-4.706299781799316,537.0,217.0,44.0,124.0,201.0,110.0,1.0,1.0,256.0,18.0,0.0,1.0,0.0,0.0,0.09319071995767333,0.0,-1.0,0.0,0.021884340913780106,0.0,0.0,-1.0,0.9941869427729022,0.0,0.0,0.0,1.0
22,1734107766.2912078,1.0,0.028084466233849525,-0.0971866175532341,0.9939397573471069,94.0,176.0,251.0,162.0,-0.6229596138000488,-1.3971354961395264,-4.836226463317871,536.0,218.0,43.0,125.0,200.0,111.0,1.0,1.0,256.0,18.0,0.0,1.0,0.0,0.0,0.09194758615782252,0.0,-1.0,0.0,0.021746571997897,0.0,0.0,-1.0,0.9943128614208216,0.0,0.0,0.0,1.0
23,1734107766.393227,1.0,0.027233613654971123,-0.0971866175532341,0.9948350191116333,92.0,174.0,249.0,161.0,-0.9866938591003418,-2.8540616035461426,-4.336123466491699,536.0,218.0,41.0,123.0,198.0,110.0,1.0,1.0,256.0,18.0,0.0,1.0,0.0,0.0,0.0886165821888836,0.0,-1.0,0.0,0.022916120046264588,0.0,0.0,-1.0,0.9945945476646216,0.0,0.0,0.0,1.0
24,1734107766.4948132,1.0,0.027233613654971123,-0.0971866175532341,0.9948350191116333,89.0,176.0,246.0,163.0,-1.1071276664733887,-0.07231807708740234,-4.250187397003174,536.0,218.0,38.0,125.0,195.0,112.0,1.0,1.0,256.0,18.0,0.0,1.0,0.0,0.0,0.08715308787148039,0.0,-1.0,0.0,0.023579036893783663,0.0,0.0,-1.0,0.9947235976827378,0.0,0.0,0.0,1.0
25,1734107766.5998049,1.0,0.02929326519370079,-0.08219510316848755,0.9948350191116333,92.0,173.0,247.0,161.0,-0.556215763092041,-2.612827777862549,-4.1868181228637695,534.0,219.0,42.0,123.0,197.0,111.0,1.0,1.0,256.0,18.0,0.0,1.0,0.0,0.0,0.08649918873353238,0.0,-1.0,0.0,0.023518191204154364,0.0,0.0,-1.0,0.9947589159515215,0.0,0.0,0.0,1.0
26,1734107766.7039847,1.0,0.02929326519370079,-0.0971866175532341,0.9939947724342346,88.0,178.0,244.0,159.0,-0.6146864891052246,-1.7351336479187012,-4.216061115264893,533.0,218.0,38.0,128.0,194.0,109.0,1.0,1.0,256.0,18.0,0.0,1.0,0.0,0.0,0.08370015924637744,0.0,-1.0,0.0,0.0236365890711797,0.0,0.0,-1.0,0.9950182191941956,0.0,0.0,0.0,1.0
27,1734107766.8119748,1.0,0.013351798988878727,-0.08219510316848755,0.9923032522201538,86.0,175.0,240.0,161.0,-2.0456395149230957,0.9285764694213867,-4.776508808135986,531.0,217.0,36.0,125.0,190.0,111.0,1.0,1.0,256.0,18.0,0.0,1.0,0.0,0.0,0.07967135347822601,0.0,-1.0,0.0,0.021395980192758728,0.0,0.0,-1.0,0.995407310239062,0.0,0.0,0.0,1.0
28,1734107766.915974,1.0,-0.10696639865636826,-0.08219510316848755,0.9880602359771729,83.0,175.0,239.0,160.0,-1.9877386093139648,4.644886016845703,-4.3387322425842285,529.0,221.0,33.0,125.0,189.0,110.0,1.0,1.0,256.0,18.0,0.0,1.0,0.0,0.0,0.07637425646506166,0.0,-1.0,0.0,0.02083040998706328,0.0,0.0,-1.0,0.9956857954813716,0.0,0.0,0.0,1.0
29,1734107767.020975,1.0,-0.2491806298494339,-0.08219510316848755,0.9649409651756287,82.0,175.0,238.0,162.0,-1.5735065937042236,1.3160209655761719,-4.3431477546691895,530.0,219.0,32.0,125.0,188.0,112.0,1.0,1.0,256.0,18.0,0.0,1.0,0.0,0.0,0.07356464293579414,0.0,-1.0,0.0,0.0237722725604059,0.0,0.0,-1.0,0.9957963492738147,0.0,0.0,0.0,1.0
30,1734107767.123975,1.0,-0.2534138560295105,-0.08245003968477249,0.962946891784668,81.0,176.0,238.0,162.0,-1.779855489730835,3.208643913269043,-4.2884650230407715,529.0,220.0,30.0,125.0,187.0,111.0,1.0,1.0,256.0,18.0,0.0,1.0,0.0,0.0,0.07280279242227593,0.0,-1.0,0.0,0.022948776880484696,0.0,0.0,-1.0,0.9958903065944209,0.0,0.0,0.0,1.0
31,1734107767.2230327,1.0,-0.2534138560295105,-0.08245003968477249,0.962946891784668,80.0,176.0,238.0,163.0,-1.97477126121521,2.2558116912841797,-4.1843414306640625,528.0,218.0,30.0,126.0,188.0,113.0,1.0,1.0,256.0,18.0,0.0,1.0,0.0,0.0,0.07055172293802685,0.0,-1.0,0.0,0.026839553014807917,0.0,0.0,-1.0,0.9959597366371447,0.0,0.0,0.0,1.0
32,1734107767.3310356,1.0,-0.25119391083717346,-0.08245003968477249,0.9644103646278381,78.0,177.0,234.0,163.0,-2.0741567611694336,5.34393310546875,-3.695071220397949,528.0,219.0,29.0,128.0,185.0,114.0,1.0,1.0,256.0,18.0,0.0,1.0,0.0,0.0,0.06996969740456963,0.0,-1.0,0.0,0.02407088858503817,0.0,0.0,-1.0,0.9960892163215165,0.0,0.0,0.0,1.0
33,1734107767.4290345,1.0,-0.2491806298494339,-0.08245003968477249,0.9649409651756287,78.0,176.0,235.0,161.0,-2.0171825885772705,4.671703338623047,-3.3853845596313477,527.0,221.0,29.0,127.0,186.0,112.0,1.0,1.0,256.0,18.0,0.0,1.0,0.0,0.0,0.06668475183237663,0.0,-1.0,0.0,0.024559542644850902,0.0,0.0,-1.0,0.9963058502723054,0.0,0.0,0.0,1.0
34,1734107767.531038,1.0,-0.25119391083717346,-0.07125315070152283,0.9644103646278381,85.0,174.0,241.0,160.0,-2.616819143295288,3.34641170501709,-4.598184108734131,517.0,224.0,34.0,123.0,190.0,109.0,1.0,1.0,256.0,18.0,0.0,1.0,0.0,0.0,0.0658429873082092,0.0,-1.0,0.0,0.024580682722871464,0.0,0.0,-1.0,0.99638245804054,0.0,0.0,0.0,1.0
35,1734107767.6320345,1.0,-0.2423139065504074,-0.06996951997280121,0.9675779342651367,81.0,173.0,238.0,159.0,-2.4591689109802246,2.296077251434326,-4.548752307891846,520.0,224.0,31.0,123.0,188.0,109.0,1.0,1.0,256.0,18.0,0.0,1.0,0.0,0.0,0.06330386154594084,0.0,-1.0,0.0,0.028666278417656767,0.0,0.0,-1.0,0.9963639921653279,0.0,0.0,0.0,1.0
36,1734107767.742033,1.0,-0.2423139065504074,-0.0654171034693718,0.9677129983901978,77.0,183.0,236.0,166.0,-1.7912769317626953,3.8977127075195312,-4.559974670410156,523.0,218.0,28.0,134.0,187.0,117.0,1.0,1.0,256.0,18.0,0.0,1.0,0.0,0.0,0.06292607812243572,0.0,-1.0,0.0,0.027803532181560023,0.0,0.0,-1.0,0.9964323571043318,0.0,0.0,0.0,1.0
37,1734107767.8510346,1.0,-0.24399738013744354,-0.06255398690700531,0.9677129983901978,81.0,175.0,237.0,162.0,-2.416670322418213,3.4146928787231445,-4.396293640136719,520.0,221.0,31.0,125.0,187.0,112.0,1.0,1.0,256.0,18.0,0.0,1.0,0.0,0.0,0.06147870073970855,0.0,-1.0,0.0,0.02564570271036589,0.0,0.0,-1.0,0.9966117297049197,0.0,0.0,0.0,1.0
38,1734107767.9540322,2.0,-0.24877141416072845,-0.06255398690700531,0.964867889881134,81.0,175.0,238.0,161.0,-2.7241992950439453,6.516278266906738,-4.510239601135254,519.0,222.0,30.0,124.0,187.0,110.0,1.0,1.0,28.0,170.0,0.0,1.0,0.0,0.0,0.06302002912176034,0.0,-1.0,0.0,0.025474903171142673,0.0,0.0,-1.0,0.9964941688826265,0.0,0.0,0.0,1.0
39,1734107768.0570316,2.0,-0.24399738013744354,-0.06255398690700531,0.9681420922279358,81.0,176.0,237.0,162.0,-2.138838768005371,6.580959320068359,-4.687200546264648,520.0,220.0,31.0,126.0,187.0,112.0,1.0,1.0,28.0,170.0,0.0,1.0,0.0,0.0,0.061168805975870016,0.0,-1.0,0.0,0.026923435602970967,0.0,0.0,-1.0,0.9965512617022982,0.0,0.0,0.0,1.0
40,1734107768.159034,2.0,-0.24399738013744354,-0.08451472967863083,0.9667738676071167,81.0,177.0,238.0,162.0,-2.3552160263061523,4.808714866638184,-4.889242649078369,519.0,221.0,31.0,127.0,188.0,112.0,1.0,1.0,28.0,170.0,0.0,1.0,0.0,0.0,0.06182617157227958,0.0,-1.0,0.0,0.02352645189634473,0.0,0.0,-1.0,0.9966174385117292,0.0,0.0,0.0,1.0
41,1734107768.2590318,2.0,-0.23948180675506592,-0.08451472967863083,0.9667738676071167,83.0,176.0,238.0,162.0,-0.909121036529541,2.4985108375549316,-3.881106376647949,519.0,219.0,33.0,126.0,188.0,112.0,1.0,1.0,28.0,170.0,0.0,1.0,0.0,0.0,0.06152031355651939,0.0,-1.0,0.0,0.024765043638443857,0.0,0.0,-1.0,0.9965662267221954,0.0,0.0,0.0,1.0
42,1734107768.359034,2.0,-0.23002274334430695,-0.0871880054473877,0.9684131145477295,83.0,175.0,239.0,160.0,-1.9227726459503174,3.657782554626465,-4.176225185394287,517.0,221.0,33.0,125.0,189.0,110.0,1.0,1.0,28.0,170.0,0.0,1.0,0.0,0.0,0.06082201803914123,0.0,-1.0,0.0,0.01974160809531896,0.0,0.0,-1.0,0.9967724855076912,0.0,0.0,0.0,1.0
43,1734107768.4610312,2.0,-0.22985751926898956,-0.08942489326000214,0.9692717790603638,83.0,177.0,239.0,164.0,-2.6601829528808594,4.675535202026367,-4.194433689117432,519.0,218.0,33.0,127.0,189.0,114.0,1.0,1.0,28.0,170.0,0.0,1.0,0.0,0.0,0.06025287340263517,0.0,-1.0,0.0,0.022363946994516333,0.0,0.0,-1.0,0.9967123831104103,0.0,0.0,0.0,1.0
44,1734107768.5625336,2.0,-0.20618367195129395,-0.09665215015411377,0.9770386219024658,83.0,179.0,240.0,166.0,-3.5127429962158203,5.345481872558594,-4.440720558166504,518.0,218.0,33.0,129.0,190.0,116.0,1.0,1.0,28.0,170.0,0.0,1.0,0.0,0.0,0.05870885150539633,0.0,-1.0,0.0,0.022989983020159054,0.0,0.0,-1.0,0.9968060646400909,0.0,0.0,0.0,1.0
45,1734107768.6605363,2.0,0.0013164663687348366,-0.13733233511447906,0.9868888258934021,87.0,180.0,243.0,165.0,-1.6803112030029297,2.8782005310058594,-4.509210586547852,516.0,218.0,36.0,129.0,192.0,114.0,1.0,1.0,28.0,170.0,0.0,1.0,0.0,0.0,0.05901518214095934,0.0,-1.0,0.0,0.025039525182080857,0.0,0.0,-1.0,0.9967238852422249,0.0,0.0,0.0,1.0
46,1734107768.7585378,2.0,0.009892355650663376,-0.13924336433410645,0.9870105981826782,88.0,180.0,243.0,166.0,-1.409252643585205,3.275484085083008,-4.504203796386719,518.0,219.0,38.0,130.0,193.0,116.0,1.0,1.0,28.0,170.0,0.0,1.0,0.0,0.0,0.06016450089160151,0.0,-1.0,0.0,0.02462881819547941,0.0,0.0,-1.0,0.9966598578144044,0.0,0.0,0.0,1.0
47,1734107768.8615394,2.0,0.038875751197338104,-0.15588077902793884,0.9870105981826782,85.0,182.0,239.0,167.0,-0.7630901336669922,2.9450559616088867,-3.9154868125915527,524.0,221.0,36.0,133.0,190.0,118.0,1.0,1.0,28.0,170.0,0.0,1.0,0.0,0.0,0.06230428828887812,0.0,-1.0,0.0,0.026893831014077066,0.0,0.0,-1.0,0.9964736846907765,0.0,0.0,0.0,1.0
48,1734107768.963538,2.0,0.050834622234106064,-0.16109807789325714,0.9868888258934021,85.0,185.0,240.0,170.0,-0.8018465042114258,1.2390766143798828,-4.027966499328613,528.0,222.0,36.0,136.0,191.0,121.0,1.0,1.0,28.0,170.0,0.0,1.0,0.0,0.0,0.06565841575471727,0.0,-1.0,0.0,0.02738352064962235,0.0,0.0,-1.0,0.996293648422997,0.0,0.0,0.0,1.0
49,1734107769.062538,2.0,0.07381895929574966,-0.1812141239643097,0.9756537675857544,88.0,185.0,243.0,171.0,-1.9806628227233887,1.737356185913086,-4.409518241882324,526.0,221.0,38.0,135.0,193.0,121.0,1.0,1.0,28.0,170.0,0.0,1.0,0.0,0.0,0.06874091073798465,0.0,-1.0,0.0,0.029601004264923604,0.0,0.0,-1.0,0.9960104282133817,0.0,0.0,0.0,1.0
50,1734107769.1625383,2.0,0.0989840179681778,-0.20651990175247192,0.9739636182785034,90.0,183.0,248.0,170.0,-1.8397917747497559,0.3385930061340332,-3.539402484893799,527.0,221.0,40.0,133.0,198.0,120.0,0.0,1.0,28.0,170.0,0.0,1.0,0.0,0.0,0.07220718673449841,0.0,-1.0,0.0,0.02903703831915424,0.0,0.0,-1.0,0.9957505771512204,0.0,0.0,0.0,1.0
51,1734107769.2625384,2.0,0.1362214982509613,-0.21841712296009064,0.9708223342895508,90.0,184.0,245.0,170.0,-1.075383186340332,2.791478157043457,-3.688767433166504,529.0,221.0,41.0,135.0,196.0,121.0,0.0,1.0,28.0,170.0,0.0,1.0,0.0,0.0,0.07310505733306204,0.0,-1.0,0.0,0.02888881817076221,0.0,0.0,-1.0,0.9956752554052866,0.0,0.0,0.0,1.0
52,1734107769.3655348,2.0,0.239116370677948,-0.257504940032959,0.9305257797241211,90.0,184.0,245.0,170.0,-1.1409897804260254,3.492341995239258,-4.015993118286133,528.0,219.0,40.0,134.0,195.0,120.0,0.0,1.0,28.0,170.0,0.0,1.0,0.0,0.0,0.07305519139556894,0.0,-1.0,0.0,0.02838745893203192,0.0,0.0,-1.0,0.9957330928208457,0.0,0.0,0.0,1.0
53,1734107769.4675584,2.0,0.239116370677948,-0.27177760004997253,0.9305257797241211,85.0,184.0,240.0,169.0,-1.955643653869629,7.0641374588012695,-3.760223627090454,528.0,220.0,35.0,134.0,190.0,119.0,0.0,1.0,28.0,170.0,0.0,1.0,0.0,0.0,0.07322537033710219,0.0,-1.0,0.0,0.026945433428023836,0.0,0.0,-1.0,0.9957361003824192,0.0,0.0,0.0,1.0
54,1734107769.5735343,2.0,0.239116370677948,-0.2773898243904114,0.9305257797241211,84.0,184.0,240.0,169.0,-1.5227599143981934,5.649980545043945,-3.5579447746276855,527.0,219.0,34.0,134.0,190.0,119.0,0.0,1.0,28.0,170.0,0.0,1.0,0.0,0.0,0.07000318875634341,0.0,-1.0,0.0,0.02615602975499436,0.0,0.0,-1.0,0.9959859868877159,0.0,0.0,0.0,1.0
55,1734107769.6785374,2.0,0.07648321241140366,-0.2984934449195862,0.9495849609375,85.0,183.0,239.0,170.0,-1.8657684326171875,5.822700500488281,-3.8473684787750244,526.0,218.0,35.0,133.0,189.0,120.0,0.0,1.0,28.0,170.0,0.0,1.0,0.0,0.0,0.06948178560155754,0.0,-1.0,0.0,0.02520763647948889,0.0,0.0,-1.0,0.9960710811948676,0.0,0.0,0.0,1.0
56,1734107769.7825367,2.0,0.07648321241140366,-0.30469435453414917,0.9495849609375,88.0,182.0,243.0,170.0,-1.5128672122955322,-3.5065574645996094,-3.774362325668335,522.0,216.0,38.0,132.0,193.0,120.0,0.0,1.0,28.0,170.0,0.0,1.0,0.0,0.0,0.06878177378789418,0.0,-1.0,0.0,0.024708653941968892,0.0,0.0,-1.0,0.9961281672545725,0.0,0.0,0.0,1.0
57,1734107769.8845747,3.0,0.07648321241140366,-0.30566883087158203,0.9495849609375,88.0,180.0,243.0,167.0,-1.3575711250305176,-3.1890833377838135,-3.500650405883789,521.0,217.0,37.0,129.0,192.0,116.0,0.0,1.0,256.0,170.0,0.0,1.0,0.0,0.0,0.06705008432762714,0.0,-1.0,0.0,0.02352852051438157,0.0,0.0,-1.0,0.9962537425431746,0.0,0.0,0.0,1.0
58,1734107769.9895756,3.0,0.085981085896492,-0.3069242238998413,0.9478421807289124,85.0,182.0,241.0,169.0,-1.0418858528137207,-2.3965909481048584,-3.434412956237793,523.0,216.0,35.0,132.0,191.0,119.0,0.0,1.0,256.0,170.0,0.0,1.0,0.0,0.0,0.06509413636471581,0.0,-1.0,0.0,0.024652695918286668,0.0,0.0,-1.0,0.9963771861960378,0.0,0.0,0.0,1.0
59,1734107770.0915782,3.0,0.09134066104888916,-0.31020408868789673,0.9452839493751526,87.0,182.0,242.0,168.0,-1.7353146076202393,0.5036544799804688,-4.126293659210205,521.0,218.0,37.0,132.0,192.0,118.0,0.0,1.0,256.0,170.0,0.0,1.0,0.0,0.0,0.06671334111950843,0.0,-1.0,0.0,0.02460434728074127,0.0,0.0,-1.0,0.9962531988415133,0.0,0.0,0.0,1.0
60,1734107770.1965723,3.0,0.09134066104888916,-0.3161560893058777,0.9442998170852661,88.0,181.0,240.0,167.0,-1.3968610763549805,4.2905473709106445,-3.465846061706543,519.0,216.0,38.0,131.0,190.0,117.0,0.0,0.0,256.0,170.0,0.0,1.0,0.0,0.0,0.06316300647834422,0.0,-1.0,0.0,0.021292746381699805,0.0,0.0,-1.0,0.9965652495081629,0.0,0.0,0.0,1.0
61,1734107770.299806,3.0,0.09481296688318253,-0.3281186819076538,0.9366361498832703,87.0,183.0,244.0,168.0,-1.479297161102295,0.13020896911621094,-3.309830904006958,515.0,217.0,36.0,132.0,193.0,117.0,0.0,1.0,256.0,170.0,0.0,1.0,0.0,0.0,0.060708416225344126,0.0,-1.0,0.0,0.02103384479908304,0.0,0.0,-1.0,0.9967102617132291,0.0,0.0,0.0,1.0
62,1734107770.4100602,3.0,0.09481296688318253,-0.3281186819076538,0.9366361498832703,87.0,186.0,243.0,171.0,-2.225161552429199,1.6425867080688477,-4.136504173278809,512.0,219.0,36.0,135.0,192.0,120.0,0.0,1.0,256.0,170.0,0.0,1.0,0.0,0.0,0.058443041392600606,0.0,-1.0,0.0,0.02348674265266509,0.0,0.0,-1.0,0.9967839963796483,0.0,0.0,0.0,1.0
63,1734107770.5120575,3.0,0.0767299011349678,-0.3281186819076538,0.9366361498832703,87.0,185.0,244.0,169.0,-1.7724487781524658,3.172006607055664,-3.855254650115967,511.0,221.0,36.0,134.0,193.0,118.0,0.0,1.0,256.0,170.0,0.0,1.0,0.0,0.0,0.05529928396802203,0.0,-1.0,0.0,0.03131622566009832,0.0,0.0,-1.0,0.9967298228861685,0.0,0.0,0.0,1.0
64,1734107770.621062,3.0,-0.009527777321636677,-0.32151615619659424,0.9440828561782837,86.0,186.0,245.0,170.0,-2.651285409927368,6.085113525390625,-3.728494644165039,508.0,221.0,34.0,134.0,193.0,118.0,0.0,1.0,256.0,170.0,0.0,1.0,0.0,0.0,0.05540731433112978,0.0,-1.0,0.0,0.02973766587467813,0.0,0.0,-1.0,0.9967735233584064,0.0,0.0,0.0,1.0
65,1734107770.7230575,3.0,-0.04967964440584183,-0.3136369585990906,0.9482424855232239,84.0,186.0,242.0,172.0,-2.0037968158721924,1.5757732391357422,-3.8472352027893066,511.0,220.0,33.0,135.0,191.0,121.0,0.0,1.0,256.0,170.0,0.0,1.0,0.0,0.0,0.05017754420395298,0.0,-1.0,0.0,0.03065799422895792,0.0,0.0,-1.0,0.9969843687844913,0.0,0.0,0.0,1.0
66,1734107770.8260615,3.0,-0.04967964440584183,-0.30752357840538025,0.9509733319282532,82.0,186.0,239.0,170.0,-3.244833469390869,3.2201080322265625,-4.432371139526367,514.0,222.0,31.0,135.0,188.0,119.0,0.0,1.0,256.0,170.0,0.0,1.0,0.0,0.0,0.052273882206043135,0.0,-1.0,0.0,0.03163630801613007,0.0,0.0,-1.0,0.996899749907624,0.0,0.0,0.0,1.0
67,1734107770.931332,3.0,-0.04967964440584183,-0.30752357840538025,0.9509733319282532,90.0,184.0,247.0,168.0,-0.6895585060119629,1.073674201965332,-4.302975654602051,513.0,221.0,39.0,133.0,196.0,117.0,1.0,1.0,256.0,170.0,0.0,1.0,0.0,0.0,0.055192852223780065,0.0,-1.0,0.0,0.03169724835842239,0.0,0.0,-1.0,0.9967223509054487,0.0,0.0,0.0,1.0
68,1734107771.0343242,3.0,-0.032847244292497635,-0.30752357840538025,0.9509733319282532,89.0,184.0,250.0,168.0,-1.9231557846069336,-1.050976276397705,-3.5778095722198486,513.0,221.0,38.0,133.0,199.0,117.0,1.0,1.0,256.0,170.0,0.0,1.0,0.0,0.0,0.05971916118390524,0.0,-1.0,0.0,0.029055879994789965,0.0,0.0,-1.0,0.9965390112150347,0.0,0.0,0.0,1.0
69,1734107771.137332,3.0,0.017037630081176758,-0.12673848867416382,0.9895363450050354,91.0,182.0,251.0,168.0,-1.5179095268249512,-4.0668511390686035,-3.6861228942871094,515.0,221.0,40.0,131.0,200.0,117.0,1.0,1.0,256.0,170.0,0.0,1.0,0.0,0.0,0.061463100914218416,0.0,-1.0,0.0,0.03175381252321513,0.0,0.0,-1.0,0.9963658829804969,0.0,0.0,0.0,1.0
70,1734107771.2476404,3.0,0.023741435259580612,-0.1175762265920639,0.9914877414703369,91.0,185.0,252.0,170.0,-1.495178461074829,0.7353010177612305,-4.053466320037842,515.0,222.0,40.0,134.0,201.0,119.0,1.0,1.0,256.0,170.0,0.0,1.0,0.0,0.0,0.0635868308658438,0.0,-1.0,0.0,0.03265595703371861,0.0,0.0,-1.0,0.9962233563604614,0.0,0.0,0.0,1.0
71,1734107771.348644,3.0,0.023741435259580612,-0.11274491250514984,0.9917898178100586,89.0,185.0,250.0,170.0,-3.0227856636047363,6.245504379272461,-4.500699996948242,517.0,222.0,38.0,134.0,199.0,119.0,1.0,1.0,256.0,170.0,0.0,1.0,0.0,0.0,0.06562023930240997,0.0,-1.0,0.0,0.03375054046475441,0.0,0.0,-1.0,0.9960214013810713,0.0,0.0,0.0,1.0
72,1734107771.4566445,3.0,0.017037630081176758,-0.1175762265920639,0.9917898178100586,89.0,193.0,250.0,177.0,-1.5107131004333496,12.088712692260742,-4.756617546081543,511.0,223.0,38.0,142.0,199.0,126.0,1.0,1.0,256.0,170.0,0.0,1.0,0.0,0.0,0.06632732750026989,0.0,-1.0,0.0,0.033545450046021635,0.0,0.0,-1.0,0.9959824640563161,0.0,0.0,0.0,1.0
73,1734107771.558642,3.0,-0.02225484885275364,-0.1175762265920639,0.9899522662162781,90.0,190.0,253.0,176.0,-0.7962203025817871,7.977441787719727,-4.2479681968688965,507.0,223.0,38.0,138.0,201.0,124.0,1.0,1.0,256.0,170.0,0.0,1.0,0.0,0.0,0.06328961122526922,0.0,-1.0,0.0,0.035156238985062,0.0,0.0,-1.0,0.9961475043766863,0.0,0.0,0.0,1.0
74,1734107771.661643,3.0,-0.02225484885275364,-0.13564994931221008,0.9899522662162781,92.0,190.0,256.0,174.0,-0.44928407669067383,5.568124771118164,-3.8975417613983154,501.0,221.0,39.0,137.0,203.0,121.0,1.0,1.0,256.0,170.0,0.0,1.0,0.0,0.0,0.05707111543097665,0.0,-1.0,0.0,0.03498185522241072,0.0,0.0,-1.0,0.9964656779301062,0.0,0.0,0.0,1.0
75,1734107771.7656431,3.0,-0.032465554773807526,-0.13564994931221008,0.9899522662162781,90.0,189.0,251.0,172.0,-1.4052271842956543,3.0321483612060547,-4.153836250305176,503.0,220.0,38.0,137.0,199.0,120.0,1.0,1.0,256.0,170.0,0.0,1.0,0.0,0.0,0.054069630909550755,0.0,-1.0,0.0,0.03401445791218739,0.0,0.0,-1.0,0.9966369685141969,0.0,0.0,0.0,1.0
76,1734107771.86865,4.0,-0.032465554773807526,-0.14950576424598694,0.9887262582778931,92.0,189.0,256.0,173.0,-0.9294705390930176,3.6913604736328125,-4.341311931610107,503.0,218.0,40.0,137.0,204.0,121.0,1.0,1.0,142.0,95.0,0.0,1.0,0.0,0.0,0.05410504392759047,0.0,-1.0,0.0,0.031885145470467384,0.0,0.0,-1.0,0.9967192802723774,0.0,0.0,0.0,1.0
77,1734107771.9766448,4.0,-0.017695147544145584,-0.14950576424598694,0.9887262582778931,91.0,191.0,258.0,175.0,-0.905794620513916,1.6671524047851562,-4.408031463623047,504.0,219.0,39.0,139.0,206.0,123.0,1.0,1.0,142.0,95.0,0.0,1.0,0.0,0.0,0.0590244971897769,0.0,-1.0,0.0,0.030580487923155198,0.0,0.0,-1.0,0.9964749343935586,0.0,0.0,0.0,1.0
78,1734107772.0797927,4.0,-0.017695147544145584,-0.16098842024803162,0.9868846535682678,92.0,192.0,259.0,175.0,-1.5594406127929688,8.241671562194824,-4.707634449005127,501.0,221.0,39.0,139.0,206.0,122.0,1.0,1.0,142.0,95.0,0.0,1.0,0.0,0.0,0.05826617420724285,0.0,-1.0,0.0,0.03192158451842983,0.0,0.0,-1.0,0.9964598427756501,0.0,0.0,0.0,1.0
79,1734107772.184002,4.0,-0.032465554773807526,-0.19230037927627563,0.9807150363922119,90.0,194.0,257.0,179.0,-2.2241227626800537,8.857444763183594,-4.288084030151367,500.0,220.0,37.0,141.0,204.0,126.0,1.0,1.0,142.0,95.0,0.0,1.0,0.0,0.0,0.055457228961580216,0.0,-1.0,0.0,0.035023143259130494,0.0,0.0,-1.0,0.9964987017014787,0.0,0.0,0.0,1.0
80,1734107772.28816,4.0,-0.030886134132742882,-0.1932411640882492,0.9806650280952454,89.0,193.0,257.0,178.0,-2.6195144653320312,9.042244911193848,-4.12630558013916,499.0,220.0,36.0,140.0,204.0,125.0,1.0,1.0,142.0,95.0,0.0,1.0,0.0,0.0,0.048589137908855475,0.0,-1.0,0.0,0.038412293398085884,0.0,0.0,-1.0,0.996766827905357,0.0,0.0,0.0,1.0
81,1734107772.3921602,4.0,-0.03490898385643959,-0.1932411640882492,0.9806650280952454,85.0,190.0,251.0,177.0,-2.8649566173553467,3.8728103637695312,-5.020859241485596,505.0,224.0,34.0,139.0,200.0,126.0,1.0,1.0,142.0,95.0,0.0,1.0,0.0,0.0,0.04654657235412294,0.0,-1.0,0.0,0.038391238890814264,0.0,0.0,-1.0,0.9968728474680657,0.0,0.0,0.0,1.0
82,1734107772.4931588,4.0,-0.045947108417749405,-0.19230037927627563,0.9807150363922119,91.0,195.0,258.0,181.0,-3.3638229370117188,7.771306991577148,-4.958427429199219,499.0,220.0,38.0,142.0,205.0,128.0,1.0,1.0,142.0,95.0,0.0,1.0,0.0,0.0,0.05196334682088371,0.0,-1.0,0.0,0.039537263025814534,0.0,0.0,-1.0,0.9966726950553948,0.0,0.0,0.0,1.0
83,1734107772.597948,4.0,-0.04789958894252777,-0.18961691856384277,0.9806891083717346,92.0,195.0,262.0,181.0,-3.701472759246826,11.628477096557617,-5.211041450500488,500.0,221.0,39.0,142.0,209.0,128.0,1.0,1.0,142.0,95.0,0.0,1.0,0.0,0.0,0.053302199197326997,0.0,-1.0,0.0,0.0384184572656702,0.0,0.0,-1.0,0.996543059762778,0.0,0.0,0.0,1.0
84,1734107772.696946,4.0,-0.04789958894252777,-0.17493151128292084,0.9824687242507935,93.0,196.0,262.0,182.0,-3.143049478530884,11.866580963134766,-5.16900110244751,499.0,221.0,40.0,143.0,209.0,129.0,1.0,1.0,142.0,95.0,0.0,1.0,0.0,0.0,0.05435290394118464,0.0,-1.0,0.0,0.0416237683547597,0.0,0.0,-1.0,0.996361275226258,0.0,0.0,0.0,1.0
85,1734107772.7979493,4.0,-0.05452211946249008,-0.17493151128292084,0.9824687242507935,88.0,197.0,253.0,184.0,-3.6605477333068848,16.325803756713867,-5.921639442443848,503.0,224.0,36.0,145.0,201.0,132.0,1.0,1.0,142.0,95.0,0.0,1.0,0.0,0.0,0.054448969592507016,0.0,-1.0,0.0,0.04113270755834275,0.0,0.0,-1.0,0.9963950654930174,0.0,0.0,0.0,1.0
86,1734107772.8999484,4.0,-0.06445345282554626,-0.17831264436244965,0.9811239242553711,88.0,196.0,253.0,182.0,-3.816995143890381,16.310609817504883,-6.3168840408325195,498.0,226.0,36.0,144.0,201.0,130.0,1.0,1.0,142.0,95.0,0.0,1.0,0.0,0.0,0.05035771295251993,0.0,-1.0,0.0,0.04613399616344416,0.0,0.0,-1.0,0.9964355570577821,0.0,0.0,0.0,1.0
87,1734107773.006948,4.0,-0.05452211946249008,-0.1855347454547882,0.9806891083717346,91.0,194.0,257.0,180.0,-3.965470314025879,16.488842010498047,-6.78818416595459,494.0,228.0,38.0,141.0,204.0,127.0,1.0,1.0,142.0,95.0,0.0,1.0,0.0,0.0,0.04520210872928812,0.0,-1.0,0.0,0.04830253962227539,0.0,0.0,-1.0,0.9965665134969446,0.0,0.0,0.0,1.0
88,1734107773.1109476,4.0,-0.05452211946249008,-0.17831264436244965,0.9811239242553711,91.0,192.0,258.0,177.0,-4.5757856369018555,10.884902954101562,-6.558709144592285,497.0,228.0,38.0,139.0,205.0,124.0,1.0,1.0,142.0,95.0,0.0,1.0,0.0,0.0,0.04532209972486604,0.0,-1.0,0.0,0.048932491325401,0.0,0.0,-1.0,0.9965267905941504,0.0,0.0,0.0,1.0
89,1734107773.2119474,4.0,-0.05452211946249008,-0.17831264436244965,0.9811239242553711,95.0,196.0,262.0,180.0,-3.2989115715026855,8.180087089538574,-6.516467094421387,498.0,225.0,43.0,144.0,210.0,128.0,1.0,1.0,142.0,95.0,0.0,1.0,0.0,0.0,0.05087369414835478,0.0,-1.0,0.0,0.04515129660172554,0.0,0.0,-1.0,0.9964416502382877,0.0,0.0,0.0,1.0
90,1734107773.3169475,4.0,-0.05420777201652527,-0.17831264436244965,0.9813156127929688,94.0,194.0,260.0,178.0,-2.4092230796813965,9.313272476196289,-4.964444160461426,505.0,225.0,42.0,142.0,208.0,126.0,1.0,1.0,142.0,95.0,0.0,1.0,0.0,0.0,0.05799586002665132,0.0,-1.0,0.0,0.040588997014510894,0.0,0.0,-1.0,0.9962627183298455,0.0,0.0,0.0,1.0
91,1734107773.4229498,4.0,-0.05420777201652527,-0.17801852524280548,0.9817298054695129,91.0,193.0,257.0,178.0,-3.708442211151123,7.210502624511719,-5.231675148010254,511.0,226.0,39.0,141.0,205.0,126.0,1.0,1.0,142.0,95.0,0.0,1.0,0.0,0.0,0.06343867140632206,0.0,-1.0,0.0,0.038407627249394644,0.0,0.0,-1.0,0.9960321991618526,0.0,0.0,0.0,1.0
92,1734107773.5249457,4.0,-0.05420777201652527,-0.17604802548885345,0.9818978905677795,91.0,192.0,256.0,176.0,-2.4519433975219727,8.058523178100586,-4.78648567199707,514.0,228.0,39.0,140.0,204.0,124.0,1.0,1.0,142.0,95.0,0.0,1.0,0.0,0.0,0.07036808983802623,0.0,-1.0,0.0,0.042364635554444405,0.0,0.0,-1.0,0.9953692169950638,0.0,0.0,0.0,1.0
93,1734107773.625948,4.0,-0.05420777201652527,-0.17801852524280548,0.9817298054695129,91.0,191.0,256.0,176.0,-2.7380361557006836,9.64102554321289,-5.091962814331055,515.0,229.0,39.0,139.0,204.0,124.0,1.0,1.0,142.0,95.0,0.0,1.0,0.0,0.0,0.06727748369277162,0.0,-1.0,0.0,0.04281010686696678,0.0,0.0,-1.0,0.9955702035767479,0.0,0.0,0.0,1.0
94,1734107773.7269478,4.0,-0.05121618136763573,-0.18239548802375793,0.9817298054695129,89.0,192.0,254.0,179.0,-2.203270435333252,8.70114517211914,-4.641750335693359,519.0,227.0,37.0,140.0,202.0,127.0,1.0,1.0,142.0,95.0,0.0,1.0,0.0,0.0,0.07205882742702359,0.0,-1.0,0.0,0.04388090392171519,0.0,0.0,-1.0,0.9952071205233739,0.0,0.0,0.0,1.0
95,1734107773.8279476,4.0,-0.05121618136763573,-0.19357779622077942,0.9797471761703491,91.0,191.0,256.0,176.0,-2.647463321685791,9.242356300354004,-5.143539905548096,517.0,230.0,39.0,139.0,204.0,124.0,1.0,1.0,142.0,95.0,0.0,1.0,0.0,0.0,0.07429150702159944,0.0,-1.0,0.0,0.04333194237803463,0.0,0.0,-1.0,0.9950845948180984,0.0,0.0,0.0,1.0
96,1734107773.9289477,5.0,-0.05121618136763573,-0.19357779622077942,0.9797471761703491,91.0,193.0,255.0,177.0,-1.6267085075378418,8.533952713012695,-4.4587507247924805,517.0,229.0,40.0,142.0,204.0,126.0,1.0,1.0,142.0,23.0,0.0,1.0,0.0,0.0,0.07318677598374243,0.0,-1.0,0.0,0.04494138079435798,0.0,0.0,-1.0,0.9950903301996075,0.0,0.0,0.0,1.0
97,1734107774.0281236,5.0,-0.05293361842632294,-0.19357779622077942,0.9795653223991394,89.0,191.0,253.0,178.0,-2.2820985317230225,10.609575271606445,-4.7317376136779785,516.0,229.0,38.0,140.0,202.0,127.0,1.0,1.0,142.0,23.0,0.0,1.0,0.0,0.0,0.07002885123929639,0.0,-1.0,0.0,0.044992190183185996,0.0,0.0,-1.0,0.9953052561209745,0.0,0.0,0.0,1.0
98,1734107774.1301281,5.0,-0.05293361842632294,-0.19357779622077942,0.9795653223991394,86.0,191.0,247.0,176.0,-1.09309720993042,10.737977981567383,-3.9870259761810303,516.0,228.0,35.0,140.0,196.0,125.0,1.0,1.0,142.0,23.0,0.0,1.0,0.0,0.0,0.06827011007201368,0.0,-1.0,0.0,0.044367574654179204,0.0,0.0,-1.0,0.9954634626288296,0.0,0.0,0.0,1.0
99,1734107774.2331352,5.0,-0.05293361842632294,-0.18707235157489777,0.9795653223991394,91.0,193.0,253.0,180.0,-1.580240249633789,12.649423599243164,-4.694005966186523,508.0,227.0,40.0,142.0,202.0,129.0,1.0,1.0,142.0,23.0,0.0,1.0,0.0,0.0,0.0648548633958796,0.0,-1.0,0.0,0.04392314696515266,0.0,0.0,-1.0,0.9957397247380759,0.0,0.0,0.0,1.0
100,1734107774.3385162,5.0,-0.04616439342498779,-0.1799343377351761,0.98225337266922,87.0,191.0,251.0,175.0,-1.29848051071167,9.253364562988281,-4.241514682769775,506.0,229.0,36.0,140.0,200.0,124.0,1.0,1.0,142.0,23.0,0.0,1.0,0.0,0.0,0.06013677193086909,0.0,-1.0,0.0,0.04281390621999865,0.0,0.0,-1.0,0.9960558774993297,0.0,0.0,0.0,1.0
101,1734107774.4505143,5.0,-0.03978369012475014,-0.18707235157489777,0.9795653223991394,89.0,192.0,249.0,180.0,-2.8638663291931152,10.539029121398926,-4.583259105682373,499.0,226.0,37.0,140.0,197.0,128.0,0.0,1.0,142.0,23.0,0.0,1.0,0.0,0.0,0.053794922155443466,0.0,-1.0,0.0,0.04489936184796676,0.0,0.0,-1.0,0.9963192854461561,0.0,0.0,0.0,1.0
102,1734107774.562872,5.0,-0.032497089356184006,-0.17895087599754333,0.9827743172645569,93.0,189.0,256.0,170.0,-1.466069221496582,6.439327239990234,-4.557194709777832,493.0,223.0,41.0,137.0,204.0,118.0,1.0,1.0,142.0,23.0,0.0,1.0,0.0,0.0,0.047337425803821484,0.0,-1.0,0.0,0.041021265209156645,0.0,0.0,-1.0,0.996724627715522,0.0,0.0,0.0,1.0
103,1734107774.6648743,5.0,-0.008540750481188297,-0.17083215713500977,0.984764039516449,92.0,186.0,255.0,166.0,-0.30724382400512695,4.241511344909668,-4.145877838134766,493.0,226.0,40.0,134.0,203.0,114.0,1.0,1.0,142.0,23.0,0.0,1.0,0.0,0.0,0.045680226747942455,0.0,-1.0,0.0,0.03285971291377665,0.0,0.0,-1.0,0.9971281750893484,0.0,0.0,0.0,1.0
104,1734107774.765874,5.0,0.03314967826008797,-0.13166247308254242,0.9912577867507935,96.0,185.0,260.0,166.0,-0.42002439498901367,6.044942855834961,-4.322153091430664,491.0,225.0,44.0,133.0,208.0,114.0,1.0,1.0,142.0,23.0,0.0,1.0,0.0,0.0,0.043174386165736774,0.0,-1.0,0.0,0.034966295066859734,0.0,0.0,-1.0,0.9971854382337098,0.0,0.0,0.0,1.0
105,1734107774.8678854,5.0,0.03314967826008797,-0.07230187952518463,0.9970071911811829,90.0,188.0,256.0,171.0,-1.076326847076416,12.003232955932617,-4.669523239135742,498.0,223.0,38.0,136.0,204.0,119.0,1.0,1.0,142.0,23.0,0.0,1.0,0.0,0.0,0.04434276082065968,0.0,-1.0,0.0,0.03618907042113039,0.0,0.0,-1.0,0.9971155563389982,0.0,0.0,0.0,1.0
106,1734107774.973872,5.0,0.027370259165763855,-0.07029802352190018,0.9970925450325012,95.0,185.0,260.0,169.0,-0.8046517372131348,10.314998626708984,-4.57803201675415,499.0,223.0,43.0,133.0,208.0,117.0,1.0,1.0,142.0,23.0,0.0,1.0,0.0,0.0,0.05145815906283053,0.0,-1.0,0.0,0.03625019708897134,0.0,0.0,-1.0,0.9967823736721944,0.0,0.0,0.0,1.0
107,1734107775.0728745,5.0,0.027370259165763855,-0.07029802352190018,0.9970925450325012,88.0,188.0,251.0,172.0,-1.9324512481689453,9.151921272277832,-4.4529571533203125,509.0,222.0,37.0,137.0,200.0,121.0,1.0,1.0,142.0,23.0,0.0,1.0,0.0,0.0,0.055004322203917676,0.0,-1.0,0.0,0.0343367587813391,0.0,0.0,-1.0,0.996633719455475,0.0,0.0,0.0,1.0
108,1734107775.1758716,5.0,0.017668528482317924,-0.07029802352190018,0.9970925450325012,91.0,188.0,259.0,171.0,-1.6527557373046875,8.099773406982422,-4.314713001251221,509.0,223.0,39.0,136.0,207.0,119.0,1.0,1.0,142.0,23.0,0.0,1.0,0.0,0.0,0.05959268051045155,0.0,-1.0,0.0,0.03565867604027653,0.0,0.0,-1.0,0.9963338619576991,0.0,0.0,0.0,1.0
109,1734107775.2848725,5.0,0.009827908128499985,-0.07230187952518463,0.9970071911811829,90.0,186.0,255.0,170.0,-1.433335304260254,9.625838279724121,-4.730875015258789,513.0,225.0,39.0,135.0,204.0,119.0,1.0,1.0,142.0,23.0,0.0,1.0,0.0,0.0,0.06511574727128269,0.0,-1.0,0.0,0.03509761612876006,0.0,0.0,-1.0,0.9960257319388921,0.0,0.0,0.0,1.0
110,1734107775.38827,5.0,0.009827908128499985,-0.07029802352190018,0.9973695874214172,91.0,184.0,255.0,168.0,-1.4398276805877686,8.329607009887695,-4.703658580780029,513.0,227.0,40.0,133.0,204.0,117.0,1.0,1.0,142.0,23.0,0.0,1.0,0.0,0.0,0.06708400049042779,0.0,-1.0,0.0,0.03630012347784809,0.0,0.0,-1.0,0.9958840329827907,0.0,0.0,0.0,1.0
111,1734107775.4962673,5.0,0.009827908128499985,-0.08766555041074753,0.9961014986038208,88.0,194.0,250.0,179.0,-1.1324810981750488,13.111749649047852,-4.900328636169434,514.0,226.0,37.0,143.0,199.0,128.0,1.0,1.0,142.0,23.0,0.0,1.0,0.0,0.0,0.06365277567451086,0.0,-1.0,0.0,0.036815079302581676,0.0,0.0,-1.0,0.9960713114190531,0.0,0.0,0.0,1.0
112,1734107775.5992718,5.0,0.009827908128499985,-0.08766555041074753,0.9961014986038208,86.0,194.0,245.0,181.0,-2.0546374320983887,9.34581470489502,-4.175831317901611,515.0,225.0,35.0,143.0,194.0,130.0,1.0,1.0,142.0,23.0,0.0,1.0,0.0,0.0,0.06781738244259738,0.0,-1.0,0.0,0.04054052299838056,0.0,0.0,-1.0,0.9956942243245086,0.0,0.0,0.0,1.0
113,1734107775.7052732,5.0,0.009827908128499985,-0.28227585554122925,0.9591692090034485,87.0,193.0,247.0,180.0,-1.731184482574463,9.867670059204102,-4.37721586227417,512.0,228.0,36.0,142.0,196.0,129.0,1.0,1.0,142.0,23.0,0.0,1.0,0.0,0.0,0.06062067154305985,0.0,-1.0,0.0,0.043936985551255636,0.0,0.0,-1.0,0.9959899905133607,0.0,0.0,0.0,1.0
114,1734107775.8132706,5.0,-0.0050242128781974316,-0.28227585554122925,0.9591692090034485,90.0,187.0,254.0,169.0,-0.5963988304138184,5.693004608154297,-3.9969186782836914,510.0,227.0,39.0,136.0,203.0,118.0,1.0,1.0,142.0,23.0,0.0,1.0,0.0,0.0,0.05903802288395415,0.0,-1.0,0.0,0.046638001260562056,0.0,0.0,-1.0,0.9959275166569265,0.0,0.0,0.0,1.0
115,1734107775.9192667,6.0,-0.0050242128781974316,-0.28227585554122925,0.9591692090034485,94.0,187.0,257.0,169.0,-0.21949291229248047,5.845036506652832,-4.43435001373291,506.0,223.0,42.0,135.0,205.0,117.0,1.0,1.0,142.0,170.0,0.0,1.0,0.0,0.0,0.061003997439375984,0.0,-1.0,0.0,0.038455444656520996,0.0,0.0,-1.0,0.9961474942502571,0.0,0.0,0.0,1.0
116,1734107776.02959,6.0,-0.0050242128781974316,-0.08798675239086151,0.9956210851669312,96.0,182.0,257.0,166.0,-0.10445117950439453,3.86517333984375,-4.305809020996094,506.0,223.0,44.0,130.0,205.0,114.0,1.0,1.0,142.0,170.0,0.0,1.0,0.0,0.0,0.05959792472716325,0.0,-1.0,0.0,0.03344891976555769,0.0,0.0,-1.0,0.9963996679004449,0.0,0.0,0.0,1.0
117,1734107776.1295905,6.0,-0.0050242128781974316,-0.07763686031103134,0.9961090087890625,89.0,189.0,254.0,171.0,-1.4431571960449219,8.965293884277344,-4.738288402557373,511.0,222.0,38.0,138.0,203.0,120.0,1.0,1.0,142.0,170.0,0.0,1.0,0.0,0.0,0.06067054087008536,0.0,-1.0,0.0,0.03490937941788159,0.0,0.0,-1.0,0.9963378871029358,0.0,0.0,0.0,1.0
118,1734107776.232591,6.0,0.03651187941431999,-0.07599416375160217,0.9961090087890625,95.0,185.0,256.0,167.0,0.35097408294677734,9.097018241882324,-4.540432929992676,509.0,222.0,44.0,134.0,205.0,116.0,1.0,1.0,142.0,170.0,0.0,1.0,0.0,0.0,0.06262074323407198,0.0,-1.0,0.0,0.03477611927832719,0.0,0.0,-1.0,0.9962054382924765,0.0,0.0,0.0,1.0
119,1734107776.3366046,6.0,0.04897047579288483,-0.07599416375160217,0.9956210851669312,93.0,184.0,253.0,166.0,-0.6127686500549316,10.359868049621582,-4.67644739151001,512.0,222.0,42.0,133.0,202.0,115.0,1.0,1.0,142.0,170.0,0.0,1.0,0.0,0.0,0.06152555342913038,0.0,-1.0,0.0,0.03257091493399978,0.0,0.0,-1.0,0.9963710039790878,0.0,0.0,0.0,1.0
120,1734107776.4385915,6.0,0.04897047579288483,-0.07260680943727493,0.9957323670387268,92.0,185.0,252.0,167.0,-0.782228946685791,8.638694763183594,-4.624544143676758,516.0,220.0,41.0,134.0,201.0,116.0,1.0,1.0,142.0,170.0,0.0,1.0,0.0,0.0,0.061663015213814856,0.0,-1.0,0.0,0.03226707499624173,0.0,0.0,-1.0,0.9963643748045156,0.0,0.0,0.0,1.0
121,1734107776.542588,6.0,0.04897047579288483,-0.07599416375160217,0.9955815076828003,88.0,191.0,249.0,175.0,-0.8227734565734863,9.557088851928711,-5.0510406494140625,519.0,224.0,37.0,140.0,198.0,124.0,1.0,1.0,142.0,170.0,0.0,1.0,0.0,0.0,0.06619620594703424,0.0,-1.0,0.0,0.030681077824979038,0.0,0.0,-1.0,0.996138049378096,0.0,0.0,0.0,1.0
122,1734107776.6445858,6.0,0.04897047579288483,-0.08012039214372635,0.9938218593597412,87.0,191.0,248.0,175.0,-0.8023457527160645,8.450729370117188,-4.949453830718994,522.0,223.0,36.0,140.0,197.0,124.0,1.0,1.0,142.0,170.0,0.0,1.0,0.0,0.0,0.07012654184968382,0.0,-1.0,0.0,0.03619782688629984,0.0,0.0,-1.0,0.9956509328150662,0.0,0.0,0.0,1.0
123,1734107776.7518742,6.0,-0.003289473243057728,-0.17139750719070435,0.9851733446121216,89.0,188.0,249.0,173.0,-0.3397665023803711,4.426028251647949,-4.471135139465332,523.0,224.0,38.0,137.0,198.0,122.0,1.0,1.0,142.0,170.0,0.0,1.0,0.0,0.0,0.072044286081619,0.0,-1.0,0.0,0.03591402393913955,0.0,0.0,-1.0,0.9955258262232912,0.0,0.0,0.0,1.0
124,1734107776.8568728,6.0,-0.003289473243057728,-0.17139750719070435,0.9851733446121216,88.0,189.0,247.0,174.0,-1.2616477012634277,2.4113893508911133,-3.8784801959991455,523.0,222.0,37.0,138.0,196.0,123.0,1.0,1.0,142.0,170.0,0.0,1.0,0.0,0.0,0.07329748951604952,0.0,-1.0,0.0,0.03672138188389289,0.0,0.0,-1.0,0.9954089282340672,0.0,0.0,0.0,1.0
125,1734107776.9628708,6.0,-0.003289473243057728,-0.17811067402362823,0.9837985038757324,89.0,189.0,249.0,173.0,-0.4909515380859375,4.246889114379883,-4.438767433166504,521.0,222.0,39.0,139.0,199.0,123.0,1.0,1.0,142.0,170.0,0.0,1.0,0.0,0.0,0.06948010088882575,0.0,-1.0,0.0,0.03561385363563611,0.0,0.0,-1.0,0.9956986478689428,0.0,0.0,0.0,1.0
126,1734107777.063207,6.0,0.006521996110677719,-0.17811067402362823,0.9837985038757324,93.0,187.0,253.0,172.0,-0.2972569465637207,5.438176155090332,-4.260451316833496,515.0,223.0,42.0,136.0,202.0,121.0,1.0,1.0,142.0,170.0,0.0,1.0,0.0,0.0,0.07066806821672722,0.0,-1.0,0.0,0.034318913962005926,0.0,0.0,-1.0,0.9957113784136916,0.0,0.0,0.0,1.0
127,1734107777.1662335,6.0,0.006521996110677719,-0.19284862279891968,0.9810070395469666,89.0,186.0,248.0,170.0,-1.1288094520568848,0.2774314880371094,-3.6775755882263184,516.0,223.0,38.0,135.0,197.0,119.0,1.0,1.0,142.0,170.0,0.0,1.0,0.0,0.0,0.06691927090711257,0.0,-1.0,0.0,0.034959358490130224,0.0,0.0,-1.0,0.9959369766957951,0.0,0.0,0.0,1.0
128,1734107777.268826,6.0,0.007763478439301252,-0.1984402984380722,0.9797956943511963,90.0,182.0,247.0,167.0,-1.2766542434692383,0.6014547348022461,-4.159242153167725,516.0,222.0,39.0,131.0,196.0,116.0,1.0,1.0,142.0,170.0,0.0,1.0,0.0,0.0,0.06387335637911667,0.0,-1.0,0.0,0.03442819125663492,0.0,0.0,-1.0,0.9961016724000483,0.0,0.0,0.0,1.0
129,1734107777.3727982,6.0,0.020846402272582054,-0.20668554306030273,0.9765151739120483,90.0,184.0,246.0,168.0,0.045658111572265625,-3.9272289276123047,-4.175457954406738,519.0,220.0,40.0,134.0,196.0,118.0,1.0,1.0,142.0,170.0,0.0,1.0,0.0,0.0,0.06241950755266664,0.0,-1.0,0.0,0.029486154753783956,0.0,0.0,-1.0,0.9963831751415544,0.0,0.0,0.0,1.0
130,1734107777.4767969,6.0,0.04065553471446037,-0.20982959866523743,0.9765151739120483,88.0,185.0,245.0,169.0,-0.42692995071411133,-1.4366345405578613,-4.313404560089111,521.0,220.0,38.0,135.0,195.0,119.0,1.0,1.0,142.0,170.0,0.0,1.0,0.0,0.0,0.06545160712209389,0.0,-1.0,0.0,0.02675784555743435,0.0,0.0,-1.0,0.9962763373189352,0.0,0.0,0.0,1.0
131,1734107777.5779867,6.0,0.04065553471446037,-0.20982959866523743,0.9763549566268921,86.0,184.0,240.0,168.0,-0.749168872833252,0.7913017272949219,-4.103355884552002,528.0,224.0,37.0,135.0,191.0,119.0,1.0,1.0,142.0,170.0,0.0,1.0,0.0,0.0,0.0673436522781067,0.0,-1.0,0.0,0.02730751346002279,0.0,0.0,-1.0,0.9961545392781163,0.0,0.0,0.0,1.0
132,1734107777.6829896,6.0,0.04065553471446037,-0.21231594681739807,0.9760388135910034,87.0,185.0,242.0,169.0,-0.48184633255004883,1.809586524963379,-4.2848968505859375,527.0,224.0,38.0,136.0,193.0,120.0,0.0,1.0,142.0,170.0,0.0,1.0,0.0,0.0,0.07261670284049265,0.0,-1.0,0.0,0.030027001878619404,0.0,0.0,-1.0,0.9957681322689886,0.0,0.0,0.0,1.0
133,1734107777.781987,6.0,0.04796994477510452,-0.2260366976261139,0.9739633798599243,89.0,186.0,244.0,171.0,-1.0904650688171387,1.4525556564331055,-3.9329376220703125,528.0,223.0,39.0,136.0,194.0,121.0,0.0,1.0,142.0,170.0,0.0,1.0,0.0,0.0,0.07219182077969122,0.0,-1.0,0.0,0.03129774564606204,0.0,0.0,-1.0,0.9957276174254323,0.0,0.0,0.0,1.0
134,1734107777.8869863,7.0,0.04796994477510452,-0.22850537300109863,0.9728806614875793,87.0,186.0,242.0,171.0,-0.7009372711181641,2.2413277626037598,-3.9094979763031006,529.0,224.0,37.0,136.0,192.0,121.0,0.0,1.0,28.0,95.0,0.0,1.0,0.0,0.0,0.07445148760957183,0.0,-1.0,0.0,0.0306515968783556,0.0,0.0,-1.0,0.9955277085478212,0.0,0.0,0.0,1.0
135,1734107777.9889898,7.0,0.07950958609580994,-0.2834223508834839,0.9556934237480164,89.0,186.0,244.0,172.0,-0.4604039192199707,-0.5395259857177734,-3.8778903484344482,529.0,224.0,39.0,136.0,194.0,122.0,0.0,0.0,28.0,95.0,0.0,1.0,0.0,0.0,0.07550408219442344,0.0,-1.0,0.0,0.03121933745258521,0.0,0.0,-1.0,0.9954355946304345,0.0,0.0,0.0,1.0
136,1734107778.090014,7.0,0.07950958609580994,-0.2843570411205292,0.9556934237480164,90.0,187.0,247.0,172.0,-1.1799330711364746,-1.7089815139770508,-4.454750061035156,526.0,225.0,40.0,137.0,197.0,122.0,1.0,1.0,28.0,95.0,0.0,1.0,0.0,0.0,0.07503137272737152,0.0,-1.0,0.0,0.03302965451706392,0.0,0.0,-1.0,0.9954231645317376,0.0,0.0,0.0,1.0
137,1734107778.194014,7.0,0.07950958609580994,-0.2843570411205292,0.9556934237480164,91.0,186.0,248.0,172.0,-1.0995349884033203,-2.0930533409118652,-4.341372489929199,525.0,225.0,41.0,136.0,198.0,122.0,0.0,1.0,28.0,95.0,0.0,1.0,0.0,0.0,0.07274856292211092,0.0,-1.0,0.0,0.03618089581023856,0.0,0.0,-1.0,0.9954973718955227,0.0,0.0,0.0,1.0
138,1734107778.2940142,7.0,0.05912550538778305,-0.2843570411205292,0.9568935036659241,90.0,185.0,249.0,169.0,-0.849149227142334,-2.9814774990081787,-4.378911972045898,523.0,228.0,40.0,135.0,199.0,119.0,1.0,1.0,28.0,95.0,0.0,1.0,0.0,0.0,0.07285097617674313,0.0,-1.0,0.0,0.03623212380024453,0.0,0.0,-1.0,0.9954833144456949,0.0,0.0,0.0,1.0
139,1734107778.394014,7.0,0.056205566972494125,-0.2632521390914917,0.9630884528160095,90.0,184.0,247.0,170.0,-0.8157768249511719,-2.6012821197509766,-4.2147440910339355,523.0,227.0,40.0,134.0,197.0,120.0,1.0,1.0,28.0,95.0,0.0,1.0,0.0,0.0,0.07116058865866992,0.0,-1.0,0.0,0.03775193303691653,0.0,0.0,-1.0,0.995519071417488,0.0,0.0,0.0,1.0
140,1734107778.4930122,7.0,0.056205566972494125,-0.25743913650512695,0.9647325277328491,94.0,186.0,254.0,171.0,-0.2662177085876465,-0.6580929756164551,-3.981523036956787,518.0,225.0,43.0,135.0,203.0,120.0,1.0,1.0,28.0,95.0,0.0,1.0,0.0,0.0,0.06991153949955946,0.0,-1.0,0.0,0.0376373964922321,0.0,0.0,-1.0,0.9956161126287555,0.0,0.0,0.0,1.0
141,1734107778.5990126,7.0,0.05491954833269119,-0.24859219789505005,0.9671738147735596,95.0,183.0,257.0,168.0,-0.1152639389038086,3.8935546875,-3.857184410095215,516.0,227.0,44.0,132.0,206.0,117.0,1.0,1.0,28.0,95.0,0.0,1.0,0.0,0.0,0.07070524361508031,0.0,-1.0,0.0,0.03631194474220007,0.0,0.0,-1.0,0.9956363443629701,0.0,0.0,0.0,1.0
142,1734107778.6980107,7.0,0.05491954833269119,-0.16781824827194214,0.9831878542900085,94.0,185.0,256.0,167.0,0.331906795501709,0.5099081993103027,-4.087343215942383,517.0,229.0,43.0,134.0,205.0,116.0,1.0,1.0,28.0,95.0,0.0,1.0,0.0,0.0,0.07084277696093261,0.0,-1.0,0.0,0.035426436192236205,0.0,0.0,-1.0,0.9956140986329641,0.0,0.0,0.0,1.0
143,1734107778.7960145,7.0,0.07196339964866638,-0.1341198980808258,0.9897527694702148,96.0,182.0,259.0,164.0,-0.24187803268432617,4.381170272827148,-4.064886569976807,515.0,229.0,44.0,130.0,207.0,112.0,1.0,1.0,28.0,95.0,0.0,1.0,0.0,0.0,0.0694360027057144,0.0,-1.0,0.0,0.037475106457975936,0.0,0.0,-1.0,0.9956799144829043,0.0,0.0,0.0,1.0
144,1734107778.8960135,7.0,0.08073701709508896,-0.11756269633769989,0.9897779822349548,92.0,185.0,255.0,166.0,-0.37906312942504883,7.210227966308594,-4.299341201782227,518.0,226.0,41.0,134.0,204.0,115.0,1.0,1.0,28.0,95.0,0.0,1.0,0.0,0.0,0.06802503954609274,0.0,-1.0,0.0,0.03738079466519498,0.0,0.0,-1.0,0.9957444635991858,0.0,0.0,0.0,1.0
145,1734107779.0060127,7.0,0.0871049240231514,-0.04437326267361641,0.9939669370651245,94.0,181.0,253.0,163.0,-0.22944116592407227,5.626972198486328,-4.628691673278809,517.0,228.0,43.0,130.0,202.0,112.0,1.0,1.0,28.0,95.0,0.0,1.0,0.0,0.0,0.06797120726927118,0.0,-1.0,0.0,0.0370116126203919,0.0,0.0,-1.0,0.9957952955387235,0.0,0.0,0.0,1.0
146,1734107779.1100535,7.0,0.0871049240231514,-0.04437326267361641,0.9950437545776367,90.0,184.0,252.0,164.0,-0.9777183532714844,10.464738845825195,-5.1075215339660645,519.0,227.0,40.0,134.0,202.0,114.0,1.0,1.0,28.0,95.0,0.0,1.0,0.0,0.0,0.0666874575349695,0.0,-1.0,0.0,0.03633799493684947,0.0,0.0,-1.0,0.9959305168857737,0.0,0.0,0.0,1.0
147,1734107779.2130527,7.0,0.0871049240231514,-0.04437326267361641,0.9950437545776367,93.0,182.0,254.0,164.0,-0.3844757080078125,8.154346466064453,-4.727133274078369,517.0,227.0,42.0,131.0,203.0,113.0,1.0,1.0,28.0,95.0,0.0,1.0,0.0,0.0,0.06659648507926222,0.0,-1.0,0.0,0.03832458557770431,0.0,0.0,-1.0,0.9958710282404172,0.0,0.0,0.0,1.0
148,1734107779.3190527,7.0,0.08898866921663284,-0.04437326267361641,0.9950437545776367,95.0,178.0,254.0,163.0,-0.30467844009399414,3.6833486557006836,-4.587485313415527,518.0,227.0,44.0,127.0,203.0,112.0,1.0,1.0,28.0,95.0,0.0,1.0,0.0,0.0,0.06683927152171024,0.0,-1.0,0.0,0.0367112162504146,0.0,0.0,-1.0,0.9959172422641831,0.0,0.0,0.0,1.0
149,1734107779.4227118,7.0,0.0823778584599495,-0.0352165512740612,0.9957191944122314,92.0,178.0,251.0,163.0,-0.29302072525024414,3.713918685913086,-4.8917717933654785,521.0,226.0,42.0,128.0,201.0,113.0,1.0,1.0,28.0,95.0,0.0,1.0,0.0,0.0,0.06837901789480823,0.0,-1.0,0.0,0.0367289345885615,0.0,0.0,-1.0,0.9957810105927691,0.0,0.0,0.0,1.0
150,1734107779.5277135,7.0,0.06775777786970139,-0.05353965610265732,0.9957191944122314,89.0,186.0,248.0,169.0,-0.8375763893127441,2.802374839782715,-4.428156852722168,525.0,223.0,39.0,136.0,198.0,119.0,1.0,1.0,28.0,95.0,0.0,1.0,0.0,0.0,0.06938716573249719,0.0,-1.0,0.0,0.035591062938862286,0.0,0.0,-1.0,0.995751030244109,0.0,0.0,0.0,1.0
151,1734107779.6287131,7.0,0.0676475539803505,-0.05646729841828346,0.9950001835823059,89.0,185.0,248.0,167.0,-0.8877444267272949,1.852942943572998,-4.116952896118164,523.0,227.0,39.0,135.0,198.0,117.0,1.0,1.0,28.0,95.0,0.0,1.0,0.0,0.0,0.07305170033564456,0.0,-1.0,0.0,0.03390890936664188,0.0,0.0,-1.0,0.9955399459714654,0.0,0.0,0.0,1.0
152,1734107779.7267094,7.0,0.034969694912433624,-0.12653201818466187,0.9918585419654846,89.0,183.0,249.0,166.0,-1.0166678428649902,0.20025920867919922,-3.8840670585632324,522.0,225.0,38.0,132.0,198.0,115.0,1.0,1.0,28.0,95.0,0.0,1.0,0.0,0.0,0.06991203813280351,0.0,-1.0,0.0,0.035720443296910404,0.0,0.0,-1.0,0.9956908447157724,0.0,0.0,0.0,1.0
153,1734107779.828709,7.0,0.034969694912433624,-0.13705319166183472,0.9899462461471558,87.0,182.0,243.0,167.0,-0.9967470169067383,0.6860809326171875,-3.5229642391204834,525.0,223.0,37.0,132.0,193.0,117.0,1.0,1.0,28.0,95.0,0.0,1.0,0.0,0.0,0.07117635706784328,0.0,-1.0,0.0,0.03235936989041168,0.0,0.0,-1.0,0.9957080301923663,0.0,0.0,0.0,1.0
154,1734107779.928708,8.0,0.034969694912433624,-0.16009005904197693,0.9870460629463196,89.0,183.0,244.0,165.0,0.08962011337280273,-3.513939380645752,-4.00415563583374,523.0,222.0,39.0,133.0,194.0,115.0,1.0,1.0,256.0,95.0,0.0,1.0,0.0,0.0,0.069445075032242,0.0,-1.0,0.0,0.03186396736247872,0.0,0.0,-1.0,0.9958809827064125,0.0,0.0,0.0,1.0
155,1734107780.030712,8.0,0.043099597096443176,-0.17679131031036377,0.9833042621612549,89.0,181.0,246.0,165.0,-0.2352919578552246,-6.023136138916016,-4.000804424285889,521.0,223.0,39.0,131.0,196.0,115.0,1.0,1.0,256.0,95.0,0.0,1.0,0.0,0.0,0.06901634048349171,0.0,-1.0,0.0,0.030169773269983005,0.0,0.0,-1.0,0.995982968748482,0.0,0.0,0.0,1.0
156,1734107780.1297126,8.0,0.048711951822042465,-0.18083399534225464,0.9823065996170044,88.0,182.0,245.0,166.0,-1.2420077323913574,-4.3364973068237305,-4.214095115661621,523.0,222.0,38.0,132.0,195.0,116.0,1.0,1.0,256.0,95.0,0.0,1.0,0.0,0.0,0.06785513547221296,0.0,-1.0,0.0,0.030040606226050596,0.0,0.0,-1.0,0.9960155693393542,0.0,0.0,0.0,1.0
157,1734107780.2327135,8.0,0.05711716040968895,-0.1872071474790573,0.9802327752113342,88.0,182.0,246.0,165.0,-0.8670010566711426,-1.4195401668548584,-3.653381824493408,523.0,222.0,38.0,132.0,196.0,115.0,1.0,1.0,256.0,95.0,0.0,1.0,0.0,0.0,0.07114998691535125,0.0,-1.0,0.0,0.029570534781819865,0.0,0.0,-1.0,0.9958013709930423,0.0,0.0,0.0,1.0
158,1734107780.3417115,8.0,0.05763455107808113,-0.19132879376411438,0.9798324108123779,88.0,185.0,245.0,169.0,-0.23686933517456055,-2.131439685821533,-4.123282432556152,525.0,221.0,38.0,135.0,195.0,119.0,1.0,1.0,256.0,95.0,0.0,1.0,0.0,0.0,0.07012431154122185,0.0,-1.0,0.0,0.02893686511743885,0.0,0.0,-1.0,0.9958847286542397,0.0,0.0,0.0,1.0
159,1734107780.4507122,8.0,0.05763455107808113,-0.19132879376411438,0.9773845076560974,85.0,185.0,242.0,167.0,-1.428051471710205,-1.2544670104980469,-4.2066264152526855,522.0,221.0,35.0,135.0,192.0,117.0,1.0,1.0,256.0,95.0,0.0,1.0,0.0,0.0,0.07066964571019488,0.0,-1.0,0.0,0.030234746020811304,0.0,0.0,-1.0,0.9958433079805159,0.0,0.0,0.0,1.0
160,1734107780.555858,8.0,0.05711716040968895,-0.19132879376411438,0.9759085178375244,84.0,183.0,242.0,166.0,-1.2588233947753906,-2.356269359588623,-4.358409404754639,521.0,221.0,34.0,133.0,192.0,116.0,1.0,1.0,256.0,95.0,0.0,1.0,0.0,0.0,0.0684506000164822,0.0,-1.0,0.0,0.030162655067442142,0.0,0.0,-1.0,0.9959936331811123,0.0,0.0,0.0,1.0
161,1734107780.6608565,8.0,-0.20735910534858704,-0.15495899319648743,0.9699198603630066,84.0,182.0,242.0,166.0,-1.3623220920562744,-0.7912106513977051,-4.319975852966309,518.0,223.0,33.0,131.0,191.0,115.0,1.0,1.0,256.0,95.0,0.0,1.0,0.0,0.0,0.06633262122952553,0.0,-1.0,0.0,0.029860809997010726,0.0,0.0,-1.0,0.9961533420426927,0.0,0.0,0.0,1.0
162,1734107780.7638521,8.0,-0.20735910534858704,-0.1452789306640625,0.9685884714126587,81.0,182.0,239.0,167.0,-1.3738727569580078,-0.035429954528808594,-3.886267900466919,522.0,223.0,31.0,132.0,189.0,117.0,1.0,1.0,256.0,95.0,0.0,1.0,0.0,0.0,0.06300046553188086,0.0,-1.0,0.0,0.03211022765657684,0.0,0.0,-1.0,0.9962458248896859,0.0,0.0,0.0,1.0
163,1734107780.8662908,8.0,-0.23307006061077118,-0.1452789306640625,0.9619208574295044,86.0,187.0,242.0,169.0,-1.823744773864746,5.4751739501953125,-4.54274845123291,517.0,221.0,36.0,137.0,192.0,119.0,1.0,1.0,256.0,95.0,0.0,1.0,0.0,0.0,0.06490628106378701,0.0,-1.0,0.0,0.032088883874392495,0.0,0.0,-1.0,0.9961467660665848,0.0,0.0,0.0,1.0
164,1734107780.969686,8.0,-0.22208446264266968,-0.1452789306640625,0.9620271921157837,83.0,188.0,240.0,169.0,-1.7778699398040771,2.9610986709594727,-4.369933128356934,518.0,221.0,33.0,138.0,190.0,119.0,1.0,1.0,256.0,95.0,0.0,1.0,0.0,0.0,0.06099352451053754,0.0,-1.0,0.0,0.032073453319187636,0.0,0.0,-1.0,0.9964154933830238,0.0,0.0,0.0,1.0
165,1734107781.0766695,8.0,-0.22208446264266968,-0.1452789306640625,0.9624465107917786,86.0,187.0,244.0,169.0,-1.4450867176055908,2.880556106567383,-4.462843894958496,514.0,221.0,35.0,136.0,193.0,118.0,1.0,1.0,256.0,95.0,0.0,1.0,0.0,0.0,0.06084325348672707,0.0,-1.0,0.0,0.03192456541251157,0.0,0.0,-1.0,0.996447233231905,0.0,0.0,0.0,1.0
166,1734107781.1806686,8.0,-0.22208446264266968,-0.1452789306640625,0.9624465107917786,84.0,184.0,242.0,167.0,-1.7195343971252441,2.42034912109375,-4.309908390045166,516.0,222.0,33.0,133.0,191.0,116.0,1.0,1.0,256.0,95.0,0.0,1.0,0.0,0.0,0.059163776344898715,0.0,-1.0,0.0,0.03193910903127206,0.0,0.0,-1.0,0.9965199707394963,0.0,0.0,0.0,1.0
167,1734107781.285383,8.0,-0.22208446264266968,-0.15868902206420898,0.9624465107917786,84.0,186.0,241.0,168.0,-1.9031336307525635,3.640627861022949,-4.4059343338012695,517.0,222.0,33.0,135.0,190.0,117.0,1.0,1.0,256.0,95.0,0.0,1.0,0.0,0.0,0.06016309356892112,0.0,-1.0,0.0,0.03176836523352987,0.0,0.0,-1.0,0.9964606706481668,0.0,0.0,0.0,1.0
168,1734107781.3883874,8.0,-0.22077098488807678,-0.15868902206420898,0.9670634865760803,86.0,185.0,243.0,168.0,-2.2349331378936768,-0.5431747436523438,-4.06403112411499,516.0,221.0,35.0,134.0,192.0,117.0,1.0,1.0,256.0,95.0,0.0,1.0,0.0,0.0,0.05908934092591918,0.0,-1.0,0.0,0.03292517979824852,0.0,0.0,-1.0,0.9964908875903693,0.0,0.0,0.0,1.0
169,1734107781.4933882,8.0,-0.21810360252857208,-0.14442799985408783,0.9670634865760803,84.0,186.0,241.0,169.0,-2.581399917602539,-0.7184123992919922,-4.2964982986450195,517.0,222.0,33.0,135.0,190.0,118.0,1.0,1.0,256.0,95.0,0.0,1.0,0.0,0.0,0.06125328632185683,0.0,-1.0,0.0,0.03180035271231624,0.0,0.0,-1.0,0.9963880132308542,0.0,0.0,0.0,1.0
170,1734107781.593385,8.0,-0.21810360252857208,-0.14442799985408783,0.9670634865760803,84.0,184.0,242.0,168.0,-2.140951633453369,-2.3283424377441406,-4.224308967590332,517.0,222.0,33.0,133.0,191.0,117.0,1.0,1.0,256.0,95.0,0.0,1.0,0.0,0.0,0.05945590660046475,0.0,-1.0,0.0,0.03301317418890122,0.0,0.0,-1.0,0.9964504077006255,0.0,0.0,0.0,1.0
171,1734107781.6961062,8.0,-0.2171650528907776,-0.155492901802063,0.9654117822647095,86.0,183.0,243.0,168.0,-2.1190025806427,-1.5161166191101074,-4.109823226928711,514.0,223.0,35.0,132.0,192.0,117.0,1.0,1.0,256.0,95.0,0.0,1.0,0.0,0.0,0.06158320556658616,0.0,-1.0,0.0,0.03235041865986861,0.0,0.0,-1.0,0.9963443243510393,0.0,0.0,0.0,1.0
172,1734107781.7941065,8.0,-0.2171650528907776,-0.155492901802063,0.9654117822647095,85.0,183.0,242.0,168.0,-1.239654541015625,-0.5327863693237305,-3.9406116008758545,514.0,222.0,34.0,132.0,191.0,117.0,1.0,1.0,256.0,95.0,0.0,1.0,0.0,0.0,0.05852204042346784,0.0,-1.0,0.0,0.03239570099886035,0.0,0.0,-1.0,0.9965005641311919,0.0,0.0,0.0,1.0
